customer_id,name,email,signup_date,city
1,Michael Andrade,ycantrell@example.org,2025-09-01,Stevenshire
2,Ann Myers,vazquezmelissa@example.net,2025-06-06,North Jenniferside
3,Jennifer Cruz,campbellanthony@example.com,2025-05-08,Zacharyside
4,Sandra Wilkerson,maloneeric@example.net,2024-09-17,Dillonville
5,Jesse Middleton,qcooper@example.net,2025-08-09,South Candace
6,Mallory Morrison,cranedanielle@example.net,2024-06-08,Gregorymouth
7,Raymond Freeman,bradleyhancock@example.org,2025-10-26,New Veronicastad
8,Linda Anderson,kelseywyatt@example.org,2025-08-03,Lake Jennifer
9,Candace Liu,brianharris@example.com,2024-08-18,Millsburgh
10,Deborah Hawkins,guzmanmike@example.net,2025-01-08,Lake Jeremiahstad
11,Michael Hill,chelsea36@example.net,2025-01-17,Parrishside
12,Robin Pierce,victoria26@example.com,2025-08-26,East Melissabury
13,Hector Hawkins,bwilliams@example.org,2026-02-02,Millstown
14,Pamela Torres MD,,2024-03-12,Port Josephfort
15,Amber Alvarado,zachary51@example.com,2024-08-25,South Kevinborough
16,Ryan Mccall,williamscorey@example.org,2023-09-24,Benjaminside
17,William Murphy,,2025-12-24,North David
18,Melissa Hart,gmiller@example.net,2025-08-28,Port Jessicaville
19,Leonard Harrell,antonioholmes@example.net,2026-04-20,Port Collin
20,Kenneth Lawrence,jenniferjones@example.net,2024-05-16,Hicksstad
21,Julia Alvarez,lisa48@example.org,2024-06-10,Matthewborough
22,Natalie Bishop,bellkevin@example.net,2025-02-15,Walkershire
23,David Daniels,lindseyleslie@example.net,2024-05-15,East Kimberly
24,Molly Marsh,eclark@example.org,2024-04-14,Clarkshire
25,Jessica Smith,stephen73@example.org,2025-04-08,Webbmouth
26,Gregory Orozco,ftravis@example.org,2024-05-25,Lewismouth
27,Tiffany Nash,cameronaguirre@example.org,2023-07-04,East Theresaville
28,Jennifer Gray,sanderskevin@example.net,2023-12-30,Danielbury
29,Stephanie Hicks,,2024-10-31,South Patricialand
30,Tonya Lucas,zachary91@example.org,2025-10-14,Lake Jasontown
31,John Hernandez,caroline56@example.net,2024-11-28,South Charlesside
32,Christopher Haynes,joanna03@example.com,2024-01-02,North Ashleyside
33,Nichole Pruitt,moralesamanda@example.com,2025-06-09,Benderborough
34,Larry Stevens,michaelsimmons@example.net,2023-11-15,Port Robert
35,Norman Nguyen,davidhall@example.com,2025-02-23,Robinport
36,Clarence Morse,steven22@example.net,2023-09-18,South Debbieborough
37,Michael Lewis,denise17@example.net,2026-03-28,South Elizabethshire
38,Mr. Robert Wood,thomasbrewer@example.org,2025-06-04,Reeseville
39,Tamara Smith,brandon81@example.org,2025-07-20,East Jonathan
40,Leslie Walker,davisbonnie@example.net,2024-03-28,Sophiaburgh
41,Ronald Klein,erikavilla@example.net,2023-09-16,South Tanyaton
42,Richard Ellison,duffymichaela@example.org,2024-10-19,Dannymouth
43,Jacob Fleming,lopezmaria@example.org,2024-01-08,South Phillipland
44,Mr. Cesar Hill,martinmelissa@example.com,2024-07-03,North Phyllis
45,Marissa Jordan,janice96@example.org,2024-12-27,Port Krystal
46,Maureen Blair,melissacunningham@example.com,2026-04-03,Shelbychester
47,Angela Martin,austin31@example.org,2025-11-12,Richardchester
48,Peggy Stout,jonathandavis@example.org,2024-02-25,Armstrongville
49,Douglas Hodges,dicksonmelissa@example.com,2026-05-27,South Crystalfort
50,Justin Walters PhD,jacqueline49@example.com,2024-05-22,East Kelly
51,Jeffrey Greene,davidhansen@example.net,2024-02-29,Roseberg
52,Caroline Solomon,thomasmelinda@example.com,2024-01-04,East Matthewfort
53,Nicole Cruz,bowenmark@example.com,2025-11-21,Beckerhaven
54,Thomas Peterson,jacksonjennifer@example.com,2025-07-22,East Crystal
55,David Lee,websterpatrick@example.org,2024-01-30,Andrewsberg
56,Madeline Becker,jason85@example.com,2026-04-15,Matthewfurt
57,Ann Carter,zrichard@example.com,2024-10-27,West Maryville
58,Samuel Sharp,nicolehickman@example.org,2023-08-09,Tammyside
59,Peter Hammond,jturner@example.com,2024-12-30,Ayalaland
60,Elizabeth Diaz,charles22@example.com,2026-06-01,Lindatown
61,Wesley Hicks,jason02@example.org,2025-07-14,Port Dawnshire
62,Lynn Choi,vanessamurray@example.com,2023-07-31,Petersonchester
63,Samuel Baker,christopher58@example.com,2025-08-22,North Joshua
64,Mary Scott,archerjeanne@example.com,2024-02-15,West Laura
65,Angela Copeland,smithdustin@example.com,2025-05-28,West Aprilhaven
66,Madison Cuevas,dflores@example.com,2024-10-12,Dianamouth
67,John Fletcher,hansenkenneth@example.org,2025-06-25,Batesbury
68,Tracy Pittman,robertmccormick@example.net,2024-11-19,Port Jasonstad
69,Ashley Butler,sandra98@example.com,2024-04-09,Victorchester
70,Tamara Mccann,brownamy@example.net,2024-02-05,Richmondfurt
71,Ashley Blake,wolfkyle@example.org,2025-05-28,Davidstad
72,Kayla Ross,nelsoncarly@example.com,2026-02-08,Conleyfurt
73,Rachel Maxwell,olsonlinda@example.org,2023-10-20,North Benjaminburgh
74,Ashley Thomas,ericschmidt@example.net,2023-10-09,North Daniel
75,Kayla Dunn,jonesstephen@example.com,2035-01-01,Port Stephenbury
76,Robert Rose,zferguson@example.com,2024-04-03,North Laurie
77,Diana Torres,sherry84@example.org,2024-06-24,West Joshua
78,Roberta Harris,kevin56@example.net,2023-11-15,Jessicaborough
79,Brittany Cain,obryant@example.com,2024-06-26,Williamchester
80,Steven Morgan,tiffanychavez@example.com,2024-04-27,New John
81,Daniel Kennedy,christopherherrera@example.net,2024-06-30,West Shelleyville
82,Thomas Williams,zclark@example.net,2026-02-18,Port Rhonda
83,Andrea Mendoza,whitematthew@example.net,2025-09-30,Katherinefort
84,Bethany Warren,browntroy@example.com,2025-09-21,Barrettstad
85,Edward Jenkins,lhughes@example.org,2025-02-02,West Lisamouth
86,Nichole Powell,jimenezwilliam@example.org,2026-05-03,Guerraton
87,Martin Caldwell,paulanderson@example.org,2024-03-28,North Brendatown
88,Carmen Stevens,gjohnson@example.net,2023-06-30,Lake Davidview
89,Emily Buchanan,underwoodchelsea@example.net,2024-07-25,East Robertberg
90,Stuart Frank,nvelazquez@example.com,2025-08-31,West Rebecca
91,Brittany Scott,egallegos@example.net,2024-12-15,Patriciachester
92,Dana Perez,andrew82@example.net,2026-05-16,New Peterside
93,Bruce Anderson,,2025-11-27,North Erica
94,Jamie Chen,shelleygonzales@example.com,2024-01-24,Leahfort
95,Timothy Dean,stevenlindsey@example.net,2023-09-28,Gardnerfurt
96,Kevin Bates,emilymay@example.com,2026-06-12,Hallstad
97,Richard Banks,greenmatthew@example.com,2024-02-16,Penaside
98,Jennifer Jones,rogersedward@example.net,2025-01-04,Gregoryberg
99,Trevor Hutchinson,,2023-10-11,Bakerville
100,Jeffrey Gonzales,rhonda71@example.com,2023-08-08,Campbellside
101,Jasmine Clark,thomascabrera@example.org,2024-07-11,Port Travisview
102,Stephanie Mcmahon,morgan30@example.net,2025-03-15,Veronicaland
103,Robert Scott,jacqueline06@example.com,2024-11-30,Rickyborough
104,Adam Freeman,christine47@example.org,2025-10-27,West Joseph
105,Donna Hooper,brian59@example.com,2025-01-25,Port Jamie
106,Julie Smith,khart@example.com,2024-08-11,Anthonyshire
107,Steven Johnson,figueroageorge@example.net,2025-01-01,Jamietown
108,Rick Fox,jamessandra@example.com,2024-10-29,Emilyland
109,Brandon Sherman,jasonjohnston@example.com,2026-02-28,South Theresatown
110,Kenneth Robbins,henrycheryl@example.org,2024-11-01,Riveraton
111,Anthony Hunt,lynchangela@example.org,2026-04-17,Sherrytown
112,Andrea Powell,heatherwilliams@example.org,2024-03-22,East Hayden
113,Kayla Douglas,,2026-02-28,Port Samantha
114,Olivia Burgess,kristie56@example.org,2025-08-26,Singletonville
115,Veronica Burke,jross@example.org,2024-01-25,East Scottland
116,Laurie Duke,pettyrichard@example.org,2024-06-17,West Audreyport
117,Gail Hunter,bryanwright@example.org,2025-02-04,Lake Betty
118,Jill Boyd,kevinburke@example.net,2024-03-28,New Jessechester
119,April Welch,evelyn46@example.net,2026-05-21,Scottport
120,Patrick Harris,allencampbell@example.com,2023-12-13,North Raymondtown
121,Janice Brooks,,2025-07-15,Cheyenneland
122,Audrey Martinez,brianparks@example.org,2023-08-10,North Pamela
123,Heather Wang,sharon98@example.com,2023-09-05,Lake Erinfort
124,Curtis Allen,rjensen@example.net,2025-03-21,North Mariabury
125,Anthony Rodriguez,robertyang@example.net,2024-07-01,Lake Megan
126,Emma Williams,milesmarissa@example.net,2026-06-04,East James
127,Sharon Johnson,robert63@example.com,2024-04-09,North Stephaniebury
128,Chris Brown,hailey36@example.org,2024-11-19,New Robertville
129,Joel Thomas,igarcia@example.org,2025-09-23,Lake Penny
130,Charles Morris,jenniferbutler@example.org,2024-04-04,Lake Matthew
131,David Wright,owensmichael@example.net,2024-01-25,Morganville
132,Danielle Wong,aaron93@example.com,2023-11-30,Kristieside
133,Sara Simpson,jmathews@example.net,2025-03-08,South Crystal
134,Allison Bradley,evanssean@example.com,2035-01-01,Reynoldsfort
135,Damon Barnes,urosales@example.net,2024-09-06,Adamsbury
136,Heather Ross,stephanie53@example.com,2024-10-22,Zimmermanburgh
137,Courtney Jackson,james75@example.com,2025-02-26,Port Cynthia
138,Bradley Coleman,,2025-02-13,North Carolyn
139,Sharon Burns,johnsonelizabeth@example.com,2023-07-18,Port Blake
140,Bobby Barrett,qgraham@example.com,2023-07-21,Gonzalezbury
141,Christopher Le,glennhill@example.org,2025-07-15,South Sarahberg
142,Kimberly Carpenter,danielcastillo@example.org,2026-04-26,Lindaton
143,Luis Butler,lorettajones@example.net,2024-03-06,North Alyssaview
144,Rebecca Bauer DDS,justinmaldonado@example.net,2026-04-05,Gomezbury
145,Patrick Rose,stewartemily@example.net,2025-11-05,North Jamesview
146,Ricardo White,foxbrianna@example.org,2024-05-07,Lake Christinaview
147,Diana Flores,melissaryan@example.org,2025-11-12,Davidstad
148,Lori Miller,carolbond@example.org,2023-07-07,South Susanport
149,Bruce Torres,stephen85@example.com,2025-10-03,East Elizabeth
150,Joseph Gonzalez,carlsonamber@example.org,2025-12-01,North Michelleborough
151,Lauren Atkins,robert99@example.net,2025-09-29,Johnberg
152,Leslie Smith,michael50@example.org,2026-01-26,Lindseyburgh
153,John Lucero,michaelroth@example.org,2023-12-07,Brandonborough
154,Judith Black,jbaker@example.org,2026-05-22,Michaelville
155,Paul Salas,gillespiethomas@example.org,2026-04-08,Rebeccaport
156,Sherry Garza,ssmith@example.net,2023-08-13,Fryfurt
157,Kristin Reyes,isaiah55@example.net,2024-04-07,North Barryport
158,Michael Young,jenniferunderwood@example.com,2024-04-27,Saraside
159,Emily Smith,,2026-03-10,Jenniferport
160,Michael Bennett,austintimothy@example.net,2025-05-17,Pricehaven
161,Amy Thompson,jacob76@example.org,2024-06-25,North Jeremiahtown
162,Nathan Gordon,eclarke@example.net,2025-01-17,Scottview
163,Lori Rodriguez,desiree26@example.org,2025-05-27,Taylorport
164,Kimberly Lewis,andrewsanchez@example.com,2025-09-16,Stacyside
165,Robin Daniel,william55@example.com,2026-05-06,Brianhaven
166,Caroline Nolan,zwilliamson@example.net,2025-04-19,West Maureen
167,Jennifer Perry,cruzkayla@example.org,2025-08-25,Davidsonborough
168,Jared Evans,lhancock@example.org,2023-12-20,Nicoleshire
169,Ariel Martinez,danielle66@example.org,2025-07-28,North Sharistad
170,Marco Romero,lreyes@example.org,2023-09-11,Tuckerville
171,Derrick Bradley,markrhodes@example.org,2023-12-06,East Henry
172,Chloe Ramos,sarahsavage@example.org,2024-04-07,South Christopherborough
173,Jonathan Edwards,briannatran@example.net,2023-12-15,Javierport
174,Samuel Jenkins,jacksonpatricia@example.org,2024-10-09,West Davidside
175,Michael Soto,barkerpatricia@example.net,2025-04-10,Rosstown
176,Brandon Cooper,peterscassandra@example.net,2026-01-24,Millerview
177,Christopher Gomez,pamela26@example.org,2024-05-22,East Ryan
178,Daniel Gibson,bmartinez@example.org,2024-02-04,Strongport
179,Jonathan Wells,williamsjonathon@example.net,2025-09-29,Lake Jacqueline
180,Ricardo Wright,robinsoncaleb@example.org,2023-10-20,Mooneystad
181,Marie Garrett,kyle22@example.com,2025-02-19,Makaylaville
182,Kelly Cox,ellennelson@example.net,2024-11-27,West Shannon
183,Kevin Glover,ashleyrobertson@example.org,2024-03-12,North Williamport
184,Kenneth Austin,hdunn@example.org,2024-10-22,Kristaton
185,Angel Stuart,fwilliams@example.net,2025-05-03,Larryshire
186,Patrick Wilson,vnorman@example.org,2025-08-25,South Jeffreyborough
187,Tamara Campbell,tammyjackson@example.org,2026-02-21,Aaronberg
188,Michelle Calderon,rosejonathan@example.net,2023-08-20,Lake Antoniofort
189,Martha Dorsey,georgegeorge@example.org,2025-06-21,West Richard
190,Kelly Chang,emily36@example.com,2025-10-11,Gonzalezview
191,Christopher Morris,emily30@example.net,2024-01-17,North Jermaineview
192,Jonathon Cox,bradley97@example.org,2026-05-25,Jamestown
193,Dennis Brown,qporter@example.net,2025-01-09,Cookhaven
194,Donald Sanchez,wrightkevin@example.com,2024-12-03,Morenoside
195,Alison White,gamblelaurie@example.net,2026-05-20,Benjamintown
196,Collin Rodriguez,perezgary@example.com,2024-05-25,Port Laurieton
197,Melissa Reed,juanjimenez@example.com,2025-06-08,Port Margaret
198,Robert Cox,clinebobby@example.org,2024-03-10,Nancychester
199,Rebecca Colon,fbishop@example.org,2025-12-21,West Williamview
200,Aaron Cunningham,kimberlywarren@example.org,2025-12-10,Fisherton
201,Monica Fisher,javila@example.org,2024-12-22,Morrisfurt
202,Kelsey Fisher,rutholson@example.net,2023-12-27,Bruceburgh
203,Samantha Kelly,cynthiaholmes@example.net,2025-03-20,Jacobland
204,Alisha Smith,ashley44@example.net,2025-11-08,Port Heidistad
205,David Gonzalez,hpeck@example.com,2023-11-03,South Robert
206,Erika Burke,jonathan91@example.net,2026-01-31,Harrisville
207,Amanda Gonzales,sethjohnson@example.net,2024-12-26,New Cindyburgh
208,Stephanie Cox,holmeschris@example.com,2025-07-31,Jorgechester
209,William Mason,kelly32@example.org,2025-02-20,Amberbury
210,Stephen Hill,fyoung@example.com,2025-06-15,Angelaville
211,Lauren Smith,scottthomas@example.net,2025-09-02,New Christopherfort
212,Roberto Castillo,nicholas97@example.com,2023-11-13,South Michelechester
213,Dean Trujillo,,2024-01-03,Lake Jon
214,Natalie Williams,anna19@example.org,2023-08-23,Bradychester
215,Cynthia Rivera,wlandry@example.org,2024-04-27,Robinsonburgh
216,Christopher Miller,iwarren@example.net,2025-04-20,Port Erica
217,Meagan Cross,clintonjarvis@example.org,2025-03-23,West Brittany
218,Krystal Sanchez,michelle14@example.net,2025-10-23,Brittneymouth
219,Diana Kidd,richardparker@example.org,2025-09-06,North Michelle
220,Lisa Santos,timothy57@example.com,2024-08-07,West Robertfurt
221,Bethany Ramirez,jennifercruz@example.net,2026-02-07,Jonesstad
222,Marcia Ortiz,john48@example.com,2023-11-28,Lake Alanmouth
223,Amy Davis,phillipsnicole@example.org,2026-06-06,South Gregory
224,Jason Jackson,uphelps@example.org,2026-04-19,Port Danielview
225,William Turner,randyhopkins@example.com,2025-03-29,Austinhaven
226,Jordan Anderson,theresa99@example.com,2024-11-15,Steveville
227,Dana Cruz,jonesmatthew@example.net,2026-02-22,Jennifermouth
228,Ashley Zamora,donnadudley@example.com,2025-03-26,Whiteside
229,Brandon Schneider,andrewjones@example.net,2023-10-16,Clintonstad
230,Eric Durham,,2024-11-09,Bowenburgh
231,Jessica Barber,meganorozco@example.org,2024-09-14,North Edward
232,Nicole Aguirre,martinrebecca@example.net,2024-09-28,Gillmouth
233,Katelyn Banks DDS,paul58@example.net,2025-12-20,Williamsberg
234,Sarah Flores,rubioalexa@example.com,2023-09-01,East Williambury
235,Carol Jones,angelamccormick@example.org,2025-10-18,Woodsborough
236,Caleb Acevedo,zhangtimothy@example.org,2024-05-16,Stevensonborough
237,Chelsea Chambers,seanmorales@example.net,2025-03-21,Roseberg
238,Thomas Holland,jreyes@example.org,2023-08-29,Farrellfort
239,Mr. John Hogan Jr.,,2023-10-31,Griffinhaven
240,Melissa Hill,casey89@example.net,2025-03-15,Port Mitchell
241,David Haas,,2023-10-07,Danielmouth
242,Sean Parker,sarahreyes@example.com,2024-10-07,North Kevintown
243,Tracey Diaz,mariereeves@example.com,2026-01-09,Lake Donaldville
244,Yolanda Gonzalez,bryan67@example.com,2024-08-17,Lisaton
245,Mark Caldwell,ecastro@example.net,2024-09-26,Walkerview
246,Steven Smith,blake77@example.org,2024-06-18,South Annaburgh
247,Joshua Pope,tommycampos@example.com,2023-08-13,Lake Jennabury
248,Steven Williams,sheri18@example.org,2024-05-08,Fernandezburgh
249,Allison Robbins,daniel55@example.com,2024-06-12,North Richardfurt
250,Sheri Cook,teresasmith@example.org,2024-04-13,Popemouth
251,Nicole Ingram,smithhannah@example.net,2035-01-01,North Kristinfurt
252,Kirsten Goodwin,patrickstacey@example.com,2025-06-22,East Thomasborough
253,Jill Rice,vanessayork@example.com,2026-03-20,Callahanchester
254,Robert Hanna,tmurphy@example.org,2024-03-20,Carsonfurt
255,Vincent Parker,samuel85@example.com,2026-04-11,West Dianaborough
256,Herbert Bond,xpoole@example.org,2026-05-28,Farmermouth
257,Michael Schultz,carolnash@example.net,2023-12-12,Thompsonland
258,Amber Ramirez,greenelisa@example.net,2025-10-06,Miguelport
259,Mary Bryan,nathan78@example.com,2025-03-22,South Kathrynfurt
260,Connie Johnson,ortegaashley@example.com,2026-06-10,Lake Rachel
261,Tammie Sexton,matthewolsen@example.net,2023-07-08,New Jenniferborough
262,Dr. Timothy Brooks,yburke@example.net,2025-06-09,Priceland
263,Clifford Mason,ysandoval@example.net,2023-10-26,West Crystal
264,Adam Woodward MD,ilucas@example.net,2023-12-21,Angelachester
265,Frank Sanders,eric89@example.net,2024-04-04,South Marvin
266,Todd Williams,laura95@example.com,2024-02-22,Lake Jeremyton
267,Heather Morgan,scottbarbara@example.org,2023-08-11,Melissaside
268,Kylie Blake,annehubbard@example.net,2024-01-25,East Karlfurt
269,Angela Jones,garciakrystal@example.com,2025-06-01,Brownberg
270,Joseph Trujillo,paul38@example.org,2025-07-10,Nicholasview
271,Andrew Baird,chaneyjoseph@example.org,2024-01-16,Holdenchester
272,Nichole Schultz,nreese@example.com,2025-06-05,Williamschester
273,Dana Smith,bowersmark@example.org,2025-06-06,West Feliciachester
274,Tonya Fischer,cgiles@example.com,2026-01-05,South Lee
275,Dr. Timothy Foster MD,huntwarren@example.org,2023-07-18,Robertmouth
276,Brandon Carter,daniellejenkins@example.net,2023-12-11,New Ann
277,Wesley Bruce DDS,friedmanjennifer@example.net,2025-05-07,Thompsonside
278,Gerald Hernandez,,2023-08-28,Cainmouth
279,Andrew Castro,vmiller@example.net,2026-03-14,Josechester
280,Leslie Taylor,anna73@example.net,2025-05-14,Marksmouth
281,Stephen Gomez,anthonynelson@example.org,2025-10-28,Kennethton
282,Dennis Nelson,brivera@example.com,2025-05-09,Lake Kevinton
283,Sarah Mahoney,wmcgrath@example.net,2026-06-13,Port Jefferyport
284,Christopher Mills,juliegonzalez@example.org,2025-09-27,Lake David
285,Juan Floyd,cassie25@example.org,2025-08-26,Port Jasmine
286,Timothy Mosley,zbest@example.com,2024-10-01,Caitlinland
287,Christopher Hamilton,jensensarah@example.org,2023-12-24,North Morganland
288,Melissa Hughes,ryan95@example.com,2024-06-19,Vernonburgh
289,Nicholas Davis,,2025-09-30,Jamesberg
290,Lori Brown,rbates@example.com,2026-02-16,Reevesfurt
291,Kyle Cooper,croman@example.net,2024-06-08,Emilyton
292,Thomas Sanchez,smithsean@example.org,2024-12-12,New Ashleyview
293,Michael Turner,erin41@example.net,2024-06-18,Michaelbury
294,Joyce Williams,richardburke@example.com,2025-10-14,West Christopherborough
295,Leah Sharp,tdavidson@example.org,2023-09-23,East Brittanystad
296,Scott Williams,youngangela@example.net,2026-04-05,West Gregory
297,Alexander Garcia,ylin@example.org,2024-02-24,Paulville
298,Jonathan Bridges,brooke49@example.net,2026-02-15,New Kimberly
299,Beverly Wright,paulmason@example.org,2025-03-13,Lake Scott
300,Cynthia Ward,sbriggs@example.net,2024-12-29,Port Thomas
301,Travis Watson,jamescarr@example.org,2025-04-27,Chadport
302,Richard Oconnor,edward10@example.com,2026-05-18,Michaelstad
303,Joy Martin,gina44@example.com,2025-11-09,Port Nicholas
304,Andrew Jones,amartin@example.com,2026-06-01,Marquezhaven
305,Cathy Rodriguez,william07@example.com,2024-02-21,Lake Brianaton
306,Mitchell Wood,lcabrera@example.org,2025-02-11,Hicksfurt
307,Robert Hull,cookclinton@example.com,2025-07-20,Lake Timothy
308,Heather Graham,ashleymarshall@example.net,2025-02-26,Johnhaven
309,Kyle Johnson,pthomas@example.org,2025-04-21,West Kristinatown
310,Erika Stafford,barajasthomas@example.com,2024-11-05,North Haleyburgh
311,Denise Espinoza,lisaweber@example.com,2025-11-10,Benjaminmouth
312,Margaret Williamson,benjamin64@example.org,2023-12-30,Collinsborough
313,Sara Gibson,victorcoffey@example.net,2025-02-25,South Suzannefort
314,Laura Anthony,lucasjames@example.com,2024-11-05,Michaelton
315,Anthony Hall,zwhite@example.net,2025-09-19,North Jeremyview
316,Alyssa Pacheco,hallrhonda@example.com,2025-01-24,Alexanderport
317,Leslie Stevens,aaronellis@example.net,2024-05-18,Nelsonview
318,Mark Stewart,parnold@example.org,2024-04-08,South Austinberg
319,Heather Moore,hannah02@example.com,2024-02-08,Romeroborough
320,James Wong,floresmartha@example.org,2023-11-22,Amyfurt
321,Shelly Travis,david66@example.com,2025-03-28,New Joshuaberg
322,Cynthia Mckenzie,michael89@example.org,2025-06-27,Jacobton
323,Jennifer Martin,smithalexandra@example.com,2025-01-27,Alexland
324,Tiffany Beltran,schavez@example.com,2026-04-04,Stephanieview
325,Joshua Cameron,gerald27@example.net,2024-08-28,New Edward
326,Roy Rodriguez,lisahuerta@example.net,2026-03-04,Christophermouth
327,Robin Bullock,juansmith@example.org,2024-08-05,South Christina
328,Annette Davidson,waynebrown@example.org,2023-09-16,Stephenmouth
329,Donna Coleman,jaredrussell@example.org,2024-12-26,Nguyenshire
330,Donna Hughes,jasonramirez@example.org,2024-10-14,Lake Alexandrahaven
331,Gregory Edwards,patrickjefferson@example.org,2026-03-04,East Jessicaview
332,Ashley Miller,xramos@example.org,2025-02-23,Wongchester
333,Megan Kent,christopher21@example.com,2025-04-04,South Seanstad
334,Stacy Adkins,zstout@example.net,2023-07-25,Williamsshire
335,Matthew Tran,qvega@example.net,2025-04-21,Taylorborough
336,Melissa Black,jenkinskaren@example.net,2023-08-09,West Hayleyville
337,Danielle Robertson,tiffany74@example.com,2024-04-02,Hernandezton
338,Alison Williams,matthew55@example.net,2025-04-14,Hahntown
339,William Fisher,amanda32@example.net,2023-10-10,Wallacestad
340,Maria Gutierrez,emily63@example.net,2025-05-12,Brendashire
341,Jordan Grant,dan16@example.net,2024-03-22,North Patricia
342,Angel Harrison,heather08@example.net,2026-02-21,Vanessaland
343,Shirley Lynch,youngcynthia@example.com,2026-04-09,North Kimberly
344,Michelle Griffith,baldwintyler@example.com,2024-08-10,South Mark
345,Mark Garza,mccallcolton@example.net,2026-05-26,Wilsonfort
346,James Jimenez,christinabradshaw@example.org,2025-07-24,Port Scott
347,Nathan Gomez,,2024-10-28,Taylorborough
348,Martha Cortez DDS,cameronthomas@example.com,2023-10-06,Port Robertville
349,Felicia Moran,julie98@example.com,2024-05-11,Jerryfurt
350,Rebecca Hughes,barrettrachel@example.org,2023-11-05,New Jonathanview
351,Lauren Frost,,2023-07-15,Laurenfurt
352,Stephanie Graham,petermurphy@example.org,2023-06-25,Donaldland
353,William Ryan,mlane@example.org,2025-11-29,Livingstonside
354,Christopher Rose,robert75@example.com,2024-01-20,Amandafort
355,Benjamin Morales,meghanpearson@example.com,2024-04-01,Port Jessicaborough
356,Cody Patton,singhedwin@example.org,2025-07-25,East Thomas
357,Mariah Blake,meganhines@example.net,2024-07-19,Lake Craig
358,Corey Clark,,2024-05-06,Nicholsontown
359,Scott Alvarado,keithjohnson@example.org,2026-05-08,New Amyberg
360,Danny Smith,vcarrillo@example.net,2024-05-12,Bobbyborough
361,Amy Robinson,stephaniebrown@example.com,2024-09-04,Port Jacob
362,Amber Miller,marshallkaren@example.com,2023-07-14,Lisaburgh
363,Megan Wood,alexandra90@example.com,2025-03-18,Jaredfurt
364,Amanda Vargas,kimlisa@example.org,2024-03-01,South Josephland
365,Charles Scott,laura57@example.net,2025-01-08,Michelletown
366,James Dunn,goodmanedward@example.net,2024-12-09,South Alexander
367,Tamara Morris,david40@example.net,2025-05-14,Port Hollyview
368,Alexander Hicks,sydney88@example.com,2024-04-06,Blackside
369,Laura Malone,william63@example.net,2023-10-22,Angelabury
370,Francisco Ruiz,carlos01@example.org,2024-06-23,Vaughnton
371,Jennifer Le,williamsingh@example.net,2023-11-20,North Alexanderton
372,Karen Jones,johnsonsandra@example.com,2023-12-16,New Sherryhaven
373,George Marshall,michelle05@example.com,2024-07-02,Villegasside
374,Brenda Gonzalez,,2024-06-20,New Meganfort
375,Jonathan Robbins,qhumphrey@example.org,2023-09-21,Abigailhaven
376,Cynthia Bowman,kevin46@example.org,2024-10-03,New Tracey
377,Diane Wilson,jeffrey59@example.org,2023-11-08,Ernestberg
378,Paul Skinner,ruth79@example.com,2024-08-09,North Teresa
379,Dr. Patrick Scott MD,alexandermorales@example.org,2025-09-25,Barnettville
380,Maria Howe,sandragutierrez@example.org,2023-08-02,North Danielle
381,Kimberly Miller,,2025-07-05,Millerfurt
382,Allen Wilson,solomonemma@example.com,2035-01-01,Lake Robertfurt
383,Chelsey Baxter,leehunter@example.net,2024-06-20,Samanthaland
384,Cassandra Obrien,austin94@example.net,2023-10-07,Lindseystad
385,Gregory Owens,alicia54@example.org,2023-10-20,Sarahview
386,Shannon Carroll,michellelopez@example.net,2024-09-19,East Helenchester
387,Anthony Romero,opage@example.net,2024-11-25,Shepardmouth
388,Barbara Atkins,phill@example.org,2026-03-15,Andersenstad
389,Jeffrey Henry,richardoneill@example.net,2026-02-20,Michelleview
390,Robin Frederick,jamiemiller@example.com,2024-08-28,Lynnburgh
391,Whitney Stokes,jensenphilip@example.com,2024-01-22,Lake Monicafort
392,John Weber,jay79@example.net,2023-07-09,Justinton
393,Barbara Barnes,xwilson@example.net,2023-12-16,East Ericland
394,Scott Cohen,nwoods@example.org,2026-03-20,Mendozaton
395,Courtney Vaughn,timothy83@example.org,2025-01-12,South Lisaborough
396,Michael Madden MD,amanda29@example.org,2026-04-16,Sarahchester
397,Paul Herrera,nherring@example.org,2023-11-07,Zacharyton
398,Timothy Gray,connie55@example.org,2024-03-19,Port Rebeccaport
399,Sharon Pruitt,cartermichael@example.net,2024-07-19,North Veronica
400,Adam Mcneil,perkinslisa@example.com,2025-09-17,Andersonbury
401,Jonathan Peterson,sarah08@example.net,2024-05-31,South Sean
402,Steven Mckinney,wmoreno@example.net,2024-12-18,West Ginaton
403,Patricia Oliver,joshuadavis@example.com,2025-10-26,Lake Davidbury
404,Sean Bishop,kevinlove@example.net,2024-09-10,North Stephanie
405,Jordan Jones,christopherdurham@example.com,2025-10-16,Burtonville
406,Bobby Nelson,kylie43@example.org,2035-01-01,Port Dorothy
407,William Campbell,ldavidson@example.net,2025-02-01,North Wanda
408,Chad Padilla,lonnie52@example.net,2025-07-03,North Joshuaview
409,Barry Chavez,poolevanessa@example.net,2023-11-14,Fostermouth
410,Brian Hobbs,torreslori@example.org,2024-07-08,East Natalietown
411,Christopher Mcdonald,christinadavenport@example.com,2024-02-21,Hernandezshire
412,Julia Davis DDS,williamevans@example.net,2025-10-17,Morganbury
413,Scott Shah,jacksonsherry@example.com,2025-09-16,Rachelville
414,Kristi Rodriguez,alex92@example.net,2025-02-26,New Timothy
415,Kristina Shaw,courtneyjoyce@example.org,2024-01-28,Jeffreyhaven
416,Ethan Boyd,jasonwright@example.net,2024-08-21,East Katelynside
417,Natalie Santos,robertschristopher@example.com,2023-07-01,Coxmouth
418,Samuel Adams,garrisonlynn@example.org,2024-01-23,Michaelfurt
419,Eric Coleman,ishaffer@example.net,2025-05-20,Wardland
420,Sheryl Moore,kellyfranklin@example.org,2024-08-13,West Travis
421,Melissa Davis,,2025-12-10,Justinmouth
422,Stacy Wagner,lbrown@example.com,2025-08-15,Lake Michaelport
423,Christina Maddox,jimmycastro@example.com,2024-08-05,Kevinchester
424,Ana Mason,nicholasroth@example.org,2026-01-01,Moniquetown
425,Kurt Moses,kbryant@example.org,2023-11-27,Briannaborough
426,Breanna Lewis,bruce06@example.net,2025-05-30,Jeremyport
427,Jesse Carter,ubaker@example.org,2024-12-24,Jennifermouth
428,Andrea Cox,lisa51@example.net,2023-09-08,North Kristy
429,Mary Lamb,xrobinson@example.com,2023-08-11,North Brandonmouth
430,Kathleen Mcintyre,stacy15@example.net,2023-10-19,West Kelly
431,William Thomas,gwarren@example.com,2024-10-26,Ruizside
432,Elizabeth Jones,derrickpennington@example.net,2024-12-10,Lake Mark
433,Jaime Brown,meyercarl@example.com,2024-04-14,Chambersland
434,Sara Taylor,,2026-01-11,North Kyle
435,John Brown,kevinbeard@example.org,2035-01-01,New Nicole
436,Katelyn Bradford,tbecker@example.net,2026-02-26,Mcbrideburgh
437,Garrett Price,jcrosby@example.com,2026-02-13,Lake Davidport
438,Jill Thompson,noah06@example.com,2025-08-20,Sylviachester
439,Jill Long,debbiegray@example.net,2025-06-13,Cassandratown
440,Christopher Jensen,stephaniedudley@example.org,2024-04-03,East Andrewmouth
441,William Nelson,paige25@example.com,2024-09-15,West Robert
442,Dr. Richard Kirk,mollywilliams@example.com,2025-04-12,West Heather
443,Sara Kelly,brianna57@example.com,2025-08-28,Kathleenside
444,Elijah Jones,laura38@example.com,2026-04-27,New Crystalburgh
445,Matthew Roberts,millerangela@example.org,2026-01-10,South Travisview
446,Robert Taylor,bakerkenneth@example.org,2026-04-14,Andreview
447,Joann Perkins,cbanks@example.com,2025-03-13,Jamestown
448,Cassidy Palmer,craigmyers@example.org,2024-07-13,Port Bridgetberg
449,Sarah Suarez,williambaker@example.com,2026-02-20,East Johnnystad
450,Gary Wilson,michele69@example.com,2025-11-27,East Michaeltown
451,Samuel Estrada,mwatson@example.org,2026-06-13,New Jessicafort
452,Lisa Campbell MD,ysmith@example.org,2024-07-28,South Donnaton
453,David Newton,welchadam@example.com,2026-03-15,Berrytown
454,Bruce Soto,leewilliam@example.org,2024-12-24,South Jeffreytown
455,Marc Wilson,allen08@example.com,2023-09-21,North Danielburgh
456,Katie Wells,cweaver@example.net,2024-04-16,Port Candiceside
457,Charles Humphrey,jamesjennifer@example.net,2025-11-11,North Codyburgh
458,Robert Oneill,ibrown@example.net,2024-01-09,Riveraland
459,Brittany Gonzalez,,2025-10-28,South Edward
460,Dennis Campbell,carlsonchristina@example.net,2024-01-24,Laurenstad
461,Samuel Wright,johnsonchristopher@example.org,2025-12-26,West Megan
462,Mrs. Patricia Castro,cartersandra@example.org,2025-01-16,North Isabelhaven
463,Eddie Lowery,mary11@example.com,2025-09-04,Lake Joshua
464,Luis Jordan,pmyers@example.org,2024-08-24,South Martha
465,Kenneth Bryan,mendozadavid@example.net,2023-09-17,Feliciabury
466,Anne Sexton,dalton76@example.net,2023-11-21,Port Donna
467,James Romero,richard42@example.org,2026-03-12,Bellview
468,Cindy Jenkins,amanda18@example.org,2023-12-21,Bautistahaven
469,Angela Wolf,uwalters@example.org,2025-11-26,Sarahhaven
470,Kevin Chan,macdonaldjames@example.net,2024-04-03,New Jeffrey
471,Richard Armstrong,carrbrittney@example.org,2025-01-30,New Robertland
472,Brenda Robinson,zachary58@example.net,2026-01-26,Hendersonville
473,Mr. Devin Fisher,umiller@example.com,2023-08-15,North Elizabeth
474,Madison Bernard,angela06@example.org,2024-10-17,New Jeremy
475,Jessica Silva,dwilliams@example.net,2025-08-25,Christineton
476,Andrea Winters,maureenlawrence@example.net,2025-05-29,Ortizview
477,Cody Alvarez,henry08@example.net,2025-03-03,East Danielstad
478,Kari Sandoval,,2023-12-07,Port Thomaston
479,Amber Beasley,nanderson@example.net,2024-09-29,West Josephberg
480,Daniel White,gutierrezbrian@example.org,2025-12-31,Port Ryanland
481,Krista Hawkins,kimberly22@example.org,2025-11-24,Laurenbury
482,Andrew Olson,juan89@example.org,2024-12-11,Meganberg
483,Belinda Costa,gutierrezjulie@example.com,2025-03-12,South Michaelport
484,Richard Jenkins,lewiskaren@example.com,2024-03-05,Clintonton
485,Andrew Carroll,wagnerjack@example.org,2026-03-21,Martinezstad
486,Vanessa Stanley,xvelasquez@example.com,2023-10-28,Lake Emily
487,Sandy Parker,john84@example.org,2025-09-18,Stephenview
488,Valerie Foster,nicholaswong@example.org,2023-07-29,East Catherineburgh
489,Evan Clark,mark12@example.org,2025-03-02,Wagnerburgh
490,Jose Williams,nathanielhernandez@example.com,2024-03-09,West Shannon
491,Scott Miles,justin92@example.com,2023-12-04,East Michael
492,Summer Lynn,,2023-09-28,West Justinview
493,Robert Miller,michaeldavis@example.com,2026-04-10,Port Joshua
494,Kelli Olsen,lisa27@example.com,2023-07-10,Lake Robintown
495,George Martinez,ihaynes@example.org,2025-09-17,North Angelaview
496,Pamela Washington,psmith@example.net,2025-04-18,New Ryan
497,Casey Reed,lewiswanda@example.net,2035-01-01,South Angela
498,Matthew Taylor,soniatran@example.org,2024-04-16,East Sherri
499,David Thornton,jenniferharper@example.net,2024-12-11,Yuton
500,Andrew Brown,zpace@example.org,2024-08-25,Grahamview
501,Susan Hartman,allenjeffery@example.com,2025-07-24,Owensland
502,Holly Hart,gwilson@example.net,2026-06-05,Michaelport
503,Harold Todd,jason64@example.org,2024-08-06,Michaelmouth
504,Monica Smith,nlang@example.net,2023-07-24,New Ricardo
505,Dean Murphy,feliciacooper@example.org,2026-03-02,South Jessica
506,Elizabeth Stephens,hudsonshawn@example.org,2023-11-09,East Brendamouth
507,Connie Acosta,elizabeth10@example.com,2023-10-20,Wesleybury
508,Clinton Gill,jonathanadams@example.org,2026-03-01,West Lisashire
509,Susan Nolan,cummingsdrew@example.org,2024-03-26,Williamville
510,Joseph Travis,smyers@example.com,2025-04-21,Lopezchester
511,Heather Anderson,amberthomas@example.org,2025-11-20,Lake Richardstad
512,Stephanie Conner,combspatricia@example.org,2024-08-21,West Andrewhaven
513,Jasmine Dean,lisabarker@example.net,2025-06-26,Mcintyrefurt
514,Jennifer Martin,lambertjohn@example.org,2024-05-01,Bradleyborough
515,Sherry Harris,elizabethsanchez@example.org,2025-01-13,West Amy
516,Gary Smith,amandawilkerson@example.org,2025-09-09,Kendrabury
517,Jessica Smith,maria17@example.com,2023-10-13,Amandastad
518,Jonathan Rivera,fowlersarah@example.com,2025-04-15,South Lori
519,Daniel Miller,fbranch@example.com,2024-03-05,East Sergio
520,Christina Perez,fwilliams@example.org,2024-04-16,Kaneville
521,Jeffery Krueger,sherry04@example.org,2024-10-03,South Timothyside
522,Alexis Flores,rachel23@example.net,2024-04-15,New Connie
523,Brandon Pratt,eduran@example.org,2023-12-05,Lake Ginafort
524,Sarah Smith,joshuajarvis@example.net,2023-12-21,West Matthew
525,Marie White,janet67@example.org,2023-07-22,Lake Erica
526,Alison Richards,ryan01@example.org,2026-01-05,Lake Hannahmouth
527,Rebecca Jackson,leelivingston@example.net,2024-09-22,North Jonathan
528,Derrick Randolph,johnsonsteven@example.org,2025-08-18,Port Randyberg
529,Nancy Rodriguez,xkhan@example.com,2025-10-15,Kimside
530,Chris Murphy,bradley72@example.org,2026-02-13,Lake Jason
531,Bradley Rice,sandersveronica@example.org,2025-04-27,East Lesliebury
532,James Webb,,2026-01-09,Erinside
533,Justin Davenport,,2025-03-29,South Paula
534,Jennifer Glover,nicolejones@example.org,2023-06-28,East Jeffrey
535,Paul Dixon,gflynn@example.net,2025-04-11,Lake Cassandraburgh
536,Kristin Hernandez,gbennett@example.net,2025-11-15,Mariachester
537,Grant Miller,gardnermichael@example.org,2025-08-15,Tinabury
538,Nancy Clark,zmiles@example.net,2024-10-07,South Traceychester
539,Brooke Barnes,richardspatricia@example.net,2025-09-25,Dalehaven
540,Kevin Gray,lindsayrodriguez@example.com,2025-01-13,East Michaelburgh
541,Lisa Black,hbutler@example.org,2024-04-15,Jessicachester
542,Wayne Andersen,smithlinda@example.com,2024-05-28,East Tyler
543,Adam Taylor,hubbardnicholas@example.org,2024-02-29,Sandovalborough
544,Mrs. Yolanda Dixon DDS,carl24@example.net,2024-09-11,Pearsonville
545,Michael Little,cbailey@example.org,2024-12-11,Crystalmouth
546,Andre Jones,singletonjody@example.org,2025-03-03,Anthonyland
547,Katie Hansen,bhansen@example.net,2026-03-24,Marcusmouth
548,Sandra Wise,blackbrendan@example.net,2025-10-02,Morsetown
549,Ashley Castro,sanchezkevin@example.org,2024-01-30,West Jeremyland
550,Cindy Hill,simmonsdenise@example.org,2026-04-19,North Laura
551,Kristen Meyer,brian21@example.net,2024-07-08,Lake Gina
552,Brittany Copeland,leeangela@example.com,2025-04-26,Joshuaburgh
553,Jose Wyatt,warrenthomas@example.org,2023-07-07,Robertside
554,Daniel Davis,mgutierrez@example.com,2025-01-06,East Edwardview
555,Christina Kane,,2025-12-27,Cherylbury
556,Ricardo Browning,crosspamela@example.com,2025-08-22,Michellemouth
557,Corey Dominguez,,2026-06-23,Lake Reginafort
558,Jack Robinson,uavery@example.com,2025-11-26,Vegamouth
559,Jose Austin,vnelson@example.org,2025-04-16,West Valerieside
560,Amanda Moore DDS,denise68@example.net,2024-01-03,East Johnside
561,Scott Williams,sotostephanie@example.net,2024-12-27,West Nancymouth
562,Adrian Clark,leslie66@example.com,2023-08-12,Millerhaven
563,Catherine Mejia,nicole36@example.com,2026-04-25,Lake Christopherborough
564,James Pearson,jtaylor@example.net,2023-10-04,New Charlesborough
565,Ashley Wright,connie71@example.net,2023-12-29,West Eric
566,Heather Pierce,mfoster@example.com,2023-09-11,Fisherstad
567,Kristin Wilson,pshepard@example.org,2025-08-10,Jefferyville
568,Kimberly Ortega,qtaylor@example.net,2024-03-17,Samanthafort
569,Stephen White,bridgetgarrett@example.org,2023-07-29,Carolyntown
570,Steven Smith,margaret21@example.org,2024-05-15,Monroefurt
571,Alyssa Castillo,dawnmarsh@example.net,2025-10-11,Jenniferton
572,Daniel Kennedy,faulkneramy@example.net,2023-12-24,Curtisview
573,Crystal Gonzalez,terri46@example.net,2023-06-26,New Danielborough
574,Kelly Nash,tsantos@example.com,2025-01-26,East Edward
575,Mark Williams,myersjeffrey@example.net,2023-12-04,Bradborough
576,Dr. Tina Deleon,qbaker@example.org,2024-09-16,West Jennybury
577,Paula Johnson,daniel69@example.org,2025-07-11,Hayesport
578,John Walker,montgomeryrobert@example.org,2023-07-25,North Sabrinaburgh
579,Jessica Garcia,davischristopher@example.com,2023-11-29,West Joshua
580,Brandon Sims,schneidertom@example.org,2025-05-28,Petersonfort
581,Joe Dunn,mshields@example.com,2025-12-27,Kevinfort
582,Jared Williams,patricia90@example.com,2025-06-15,Lake Matthew
583,Christine Brown,kellikirk@example.net,2026-03-25,Thompsonfurt
584,Johnny Patel,joycebruce@example.com,2025-06-02,East Gail
585,Courtney Nguyen,brittanycunningham@example.org,2026-04-14,Kramertown
586,Melody Erickson,nicolesosa@example.org,2026-03-03,North Brenda
587,Jennifer Williams,jaimewright@example.org,2023-11-30,East Jeffrey
588,Alicia Webster,mendozaolivia@example.com,2026-01-26,South Danielberg
589,Steven Kelley,,2024-09-11,Robertview
590,Mark Lane,edwardbrown@example.org,2024-06-01,New Heather
591,Michael Davis,jessicamoon@example.com,2026-04-21,North Elizabethberg
592,Karen Solomon,evanschase@example.org,2024-08-24,Simonmouth
593,Jason Martinez,ncollins@example.net,2026-04-29,Housefurt
594,Jennifer Herrera,zjackson@example.org,2024-06-19,West Candiceport
595,Christopher Mack,littleanne@example.net,2026-05-14,New Michelleburgh
596,Gary Collins,victoriathornton@example.net,2024-05-22,Lake Rubenbury
597,Deborah Jackson,sdiaz@example.org,2025-06-20,Lake Jose
598,Mark Singh,lshields@example.com,2024-09-15,Lake Andrea
599,Joseph Jackson,marciasanchez@example.org,2025-07-07,Burnettburgh
600,Allison Caldwell,,2023-07-16,Brownfurt
601,Lauren Smith,richardsonjames@example.net,2024-09-26,Thomasport
602,Lisa Thomas,tanyastevenson@example.net,2026-04-18,South Krystal
603,Courtney King,allison42@example.org,2026-01-22,Martinezport
604,Jesse Brown,mcampbell@example.com,2026-01-14,Lake Cindyton
605,Brian Keller,sramirez@example.com,2023-09-13,Ronaldshire
606,Christopher Parker,,2024-02-23,South Amanda
607,James Martin,julievasquez@example.org,2025-11-02,West Taylormouth
608,Benjamin Jones,ryan27@example.com,2024-01-07,Lake Johnmouth
609,Marilyn Myers,drodriguez@example.com,2024-05-13,Christopherville
610,Christina Bailey,jennifer47@example.org,2024-12-21,New Amberfurt
611,David Hale,deborahmacias@example.org,2024-04-06,South Sarahburgh
612,Stephen Mitchell,matthewcampbell@example.org,2024-08-07,Davischester
613,Adam Solis,carrgina@example.org,2025-09-07,New Richard
614,Crystal Montoya,emily84@example.com,2026-05-10,North Andrew
615,Fred Hodges,ugarcia@example.org,2025-02-14,Danielport
616,Isabella Campos,kgreer@example.com,2026-05-11,South Duane
617,Sara Holland,justin98@example.org,2024-01-30,East Richard
618,Michael Crawford,heatherashley@example.net,2025-02-19,New Angela
619,Melanie Cox,crystal73@example.com,2023-10-26,New Andrewberg
620,Andrew Santos,greenandrea@example.net,2025-11-20,Heatherchester
621,Jeffrey Hoffman,wilsonhenry@example.net,2026-03-30,Benjaminshire
622,Cody Davis,kcline@example.com,2025-02-13,Lake Brian
623,Jennifer Cross,grayjesse@example.org,2026-05-22,Stacyside
624,Chelsea Bell,patriciaalvarez@example.org,2025-09-16,West Katherineport
625,Erin Bauer,stephanie27@example.net,2025-10-10,Leemouth
626,Sandra Campbell,yking@example.net,2025-01-04,Freemanbury
627,Maria Cantu,nicolemartinez@example.org,2023-09-06,New Evanburgh
628,Elizabeth Torres,richardsoncrystal@example.com,2025-05-30,Williamsbury
629,Nicholas Bowman,mjones@example.org,2026-04-08,Dennisside
630,Seth Carter,patriciadavis@example.net,2026-06-02,Lake Courtney
631,Ryan Rush,lisa44@example.com,2023-08-02,Forbesshire
632,Dana Torres,lewismegan@example.net,2023-10-28,Johnsonmouth
633,Nicholas Stewart DVM,thomaslaurie@example.org,2026-06-21,Jameshaven
634,Deanna Smith,jefferysanders@example.org,2024-03-04,New Holly
635,Ashley Smith,blackpeter@example.com,2025-03-29,Burnettchester
636,Scott Brooks,,2025-09-14,South Philipton
637,Ashley Hernandez,daniel61@example.com,2026-03-23,Leemouth
638,Rachel Rivera,adunn@example.org,2025-12-22,Jessicamouth
639,Sandra Cunningham,vgreen@example.com,2023-12-11,Sanchezland
640,Kathy Castillo,hayessamantha@example.org,2023-12-22,North Chelsea
641,Robert Mendoza,cherylramos@example.net,2026-03-13,North Jennifer
642,Joann Mckee,darren52@example.net,2026-02-17,North Madisonhaven
643,Becky Mccullough,scottjohnson@example.com,2025-11-21,Port Cristinatown
644,Rodney Bates,steven94@example.com,2024-12-01,East Sean
645,Shane Richardson,frankross@example.org,2025-10-03,Justinton
646,Beverly Sandoval,jameshunter@example.org,2024-05-22,Lake Cynthialand
647,Thomas Vargas,perezjames@example.net,2026-05-24,Port John
648,Sarah Wong,hreed@example.net,2023-07-21,Wyattmouth
649,Richard Vasquez,karijohnson@example.net,2024-11-16,Brendaburgh
650,Patricia Ramos,rgarcia@example.net,2023-07-20,West Lisachester
651,Tammy Martinez,kristin74@example.net,2025-07-18,New Kristina
652,Laurie Johnson,richardbrown@example.net,2024-09-17,Port Ashley
653,Caleb Brooks,kevincarroll@example.org,2025-01-02,West Danielleton
654,Dawn Costa,amanda78@example.com,2025-01-31,Jonesland
655,Maurice White,jessicarodriguez@example.org,2024-07-06,Bryantborough
656,John Robinson,cheryl76@example.net,2026-02-18,Brewerville
657,Ms. Kristen Barnes,villarrealjesus@example.com,2024-09-27,Lake Thomas
658,Cheryl Green,jnewman@example.net,2023-10-17,Rachelmouth
659,Brooke Chase,guzmanmelissa@example.com,2024-10-28,Smithtown
660,Susan Robinson,gbarnes@example.com,2024-05-14,Meyerfurt
661,Jacqueline Morse,whitejacqueline@example.org,2024-03-24,Fordmouth
662,Rick Pena,benitezchristopher@example.com,2024-01-17,South Hannah
663,Jason Boyd,bishopana@example.org,2025-03-27,Hernandezmouth
664,Amber Lee,charles98@example.com,2025-08-30,Hollyview
665,Eric Morse,,2025-08-10,East Alejandra
666,Alexander Weber,taylorteresa@example.org,2026-04-14,South Rebeccaside
667,Jennifer Aguirre,jgarcia@example.net,2025-08-22,Garyview
668,Mark Williams,zmitchell@example.org,2024-06-11,Oconnorburgh
669,William Cooper,csalas@example.net,2024-10-11,East Ryan
670,Cynthia Schmidt,justinwilliamson@example.com,2025-06-28,South Douglas
671,Meghan Zimmerman,linda50@example.com,2025-03-07,Julianville
672,Angela Kane,xchavez@example.org,2023-11-17,Adkinsmouth
673,Christine Lee,hannah59@example.net,2023-10-26,Stokesstad
674,Kyle Johnson,loriwalker@example.com,2026-03-11,Lake Joshuafurt
675,Nicholas Bernard,thomasmartin@example.com,2023-10-23,Johnsfort
676,Melinda Hanson,igonzales@example.com,2025-12-02,West Kelseyburgh
677,Thomas Mayer,taylormichelle@example.net,2025-10-17,Normanmouth
678,Kenneth Clayton,wattsjames@example.org,2035-01-01,Haystown
679,Michael Beck,howardjulia@example.net,2025-05-09,East Katherinefort
680,Erika Merritt,connorconway@example.org,2026-05-05,South Normaton
681,Nicholas Ruiz,jhall@example.com,2026-03-24,Lake Shannon
682,Phillip Love,dhammond@example.net,2025-02-09,South Aaronview
683,Lisa Young,craigwilliams@example.com,2024-02-05,Hectormouth
684,Heather Williams,eric76@example.org,2023-07-10,Raymondstad
685,Carlos Wilson,dfranco@example.net,2025-05-10,Port Rachael
686,Peter Perez,montoyarachel@example.com,2025-05-14,Port Caitlin
687,Tracy Spencer,megan69@example.org,2025-07-29,Smithberg
688,Joshua Baker,usolomon@example.com,2025-06-04,New Mary
689,Stephanie Hamilton,butlersamuel@example.com,2024-08-09,Maryshire
690,Dr. John Hill DVM,baileyjames@example.com,2026-06-20,New Danielside
691,Rhonda Roberts,roy96@example.org,2025-03-01,Lloydview
692,Adam Williams,mary24@example.com,2025-01-18,Lake Diane
693,Michael Perkins,earl02@example.net,2024-11-13,Atkinsfort
694,Matthew Garrett,poolekimberly@example.net,2023-12-30,Riddlemouth
695,Anthony Harrison,lcarlson@example.com,2025-09-20,Tammyfurt
696,Samantha Greene,ramosspencer@example.org,2026-06-17,South Marilynmouth
697,Travis Graves,craig07@example.com,2024-08-13,Dianamouth
698,Shawn Johnson,shannon68@example.org,2024-09-29,New Joanchester
699,Derek Burnett,,2025-06-23,Crystalhaven
700,Peter Fox,joshua84@example.com,2025-11-30,Hollyberg
701,Nathan Morgan,fgrimes@example.org,2023-08-30,Lake Carrieville
702,Jacob Castro,varias@example.net,2024-01-23,Port Morganmouth
703,Elizabeth Moore,briannunez@example.net,2026-06-24,Anthonyberg
704,Jennifer Miller,grosales@example.net,2023-08-23,Mitchellland
705,Emily Irwin,maldonadopatricia@example.com,2023-12-01,North Jeffreyville
706,William Rocha,brittanyyoung@example.net,2025-11-29,Lake John
707,Brent Cole,aaron52@example.com,2025-10-03,Port Melissafurt
708,Joseph Atkins,kochkatie@example.org,2024-11-12,Lake Jasonland
709,Cory Hester,maldonadojennifer@example.org,2024-05-31,Lake Alexandrabury
710,Samantha West,bobbyparker@example.net,2025-06-08,Rebeccabury
711,Amy Harris,debra45@example.net,2025-10-26,Turnerfort
712,Donna Foster,cheryl38@example.com,2025-07-23,Monicaburgh
713,Katelyn Rowe,ashley36@example.com,2025-05-03,Darrellberg
714,Kimberly Miller,,2024-09-08,Port Richard
715,Daniel Leon,georgegarrett@example.com,2025-12-14,New Susan
716,Tony Pearson,paulking@example.com,2024-10-15,North Brian
717,Daniel Cooper,ifox@example.org,2023-07-07,Marialand
718,Alan Myers,meagan97@example.com,2025-11-19,Port Marychester
719,David Buchanan,alexanderalfred@example.org,2025-08-20,Alisonstad
720,Michelle Levine,matthewmaddox@example.com,2024-05-01,New Joseph
721,David Bennett,beverett@example.net,2025-06-30,South Nicholasmouth
722,Chad Johnson,angela81@example.net,2024-07-30,Jamesberg
723,Lisa Hurst,wrightseth@example.org,2025-02-03,West Derrick
724,Amy Smith,george05@example.net,2026-01-03,Port Alexanderborough
725,Melissa Harrison,mrice@example.net,2024-06-12,Kimtown
726,Kevin May,charrison@example.net,2025-06-11,South Ryan
727,Suzanne Davis,adkinsmichael@example.org,2024-11-22,Mayerborough
728,Jodi Cooper,owatson@example.com,2024-07-22,Ericafort
729,Joseph Turner,davidwheeler@example.net,2024-07-21,South Tanya
730,Christopher Cole,cburnett@example.com,2025-11-16,North Johnton
731,Nicole Hansen,ruth84@example.org,2025-02-10,Carterton
732,Allison Meyers,meganmiller@example.com,2024-09-26,New Rachelview
733,Derek Williams,brianmiles@example.com,2024-03-28,New Tiffany
734,Sydney Stafford,tiffanycherry@example.net,2025-07-13,South Aliciaport
735,James Brown,kdonaldson@example.com,2026-04-27,Shannonmouth
736,Jasmine Lee,,2023-12-23,Wilcoxfurt
737,Jose Hale,joshuajohnson@example.org,2024-11-24,Christinabury
738,Steven Mcclure,torresjennifer@example.com,2025-11-09,Kimmouth
739,Joseph Hansen,vwatts@example.com,2023-08-04,Brownmouth
740,Michael Graham,currykimberly@example.com,2024-02-14,West Paulfurt
741,Jessica Garcia,dawn06@example.com,2025-08-25,Brianhaven
742,Brandy Peterson,jamesmoore@example.org,2024-05-18,South Thomasburgh
743,Stephanie Davis,lsims@example.net,2025-11-07,East Kathleenside
744,William Butler,jaclynashley@example.com,2024-01-18,Vanessashire
745,Ethan Adams,dcollins@example.com,2025-11-26,Port Rebeccaview
746,Evan Howard,gonzalezadam@example.org,2025-09-07,Stevensland
747,Lance Mckenzie,racheladams@example.net,2024-10-21,Thomasmouth
748,Barbara Hale,longkenneth@example.net,2024-04-13,East Jermaineton
749,William Reed,mcohen@example.org,2025-06-14,Port Jessicafort
750,Nathan Cox,davidcannon@example.com,2026-01-26,Williamsberg
751,Michael Watson,zpatrick@example.org,2026-03-07,Valdezstad
752,Anthony Taylor,andersonnathan@example.com,2024-04-12,Goodmanport
753,Jeffery Ramos,sarah09@example.com,2026-04-16,New Margaret
754,Wayne Lin,matthew01@example.org,2023-12-23,New Angelaland
755,Danny Martin,kaustin@example.org,2035-01-01,Lake Jacobborough
756,Scott Clay,martha27@example.net,2025-06-14,Leonardshire
757,Jamie Lee,andrewjordan@example.net,2024-01-01,Andrewsburgh
758,Gerald Flowers,bjames@example.org,2024-09-27,East Connie
759,Joanne Carroll,esosa@example.org,2023-09-13,Adkinsstad
760,Kenneth Butler,deborahjones@example.org,2023-12-02,Lake Patrickfort
761,Kimberly Schmidt,jackiejordan@example.net,2024-05-16,Port Jamesport
762,Christopher Adams,melinda65@example.com,2026-02-24,Tinaberg
763,Kimberly Perkins,qwilliams@example.org,2025-11-19,Hardinghaven
764,Tyrone Davis,moorebernard@example.org,2024-04-30,Ashleyhaven
765,Evan Johnson,jamesmason@example.org,2025-04-04,West Jacob
766,Kelly Sutton,zunigaleslie@example.net,2023-07-22,Port Richard
767,Thomas Arellano,djones@example.com,2025-08-09,Stevenville
768,Gregory Johnson,courtneyhernandez@example.net,2023-08-10,Port Tiffany
769,Todd Parsons,,2025-02-03,South Joshua
770,Luis Holmes,oweneric@example.com,2024-09-25,South Jasminside
771,Kyle Williamson,cortezjay@example.net,2023-08-23,Erinland
772,Lucas Welch,bhall@example.org,2024-06-24,Port Cory
773,Melissa Stanley,joseph30@example.org,2024-07-18,East Stephanie
774,Natalie Hernandez,contreraslee@example.org,2024-07-15,Lake Bobbyside
775,Michael Berry,kylie51@example.com,2025-01-03,North Gordon
776,John Jones,nathaniel31@example.com,2024-05-28,North Brandon
777,Kimberly Scott,parkeremily@example.net,2025-05-15,Brandonside
778,Lawrence Williams,ucaldwell@example.com,2024-01-11,Jonathanshire
779,Jason Young,jordan08@example.com,2025-01-30,Thomastown
780,Jeffrey Lewis,parsonsdonald@example.org,2026-05-27,West Elizabethtown
781,Tammy Allen,caseycohen@example.net,2024-01-25,New Troy
782,Amy Vasquez,zsullivan@example.com,2023-08-17,West Jeffrey
783,Natasha Norman,bsanders@example.org,2024-03-20,New Christineburgh
784,Nathan Gonzalez,lindareed@example.net,2023-09-12,Port Nicolemouth
785,Roy Boone,jason88@example.org,2025-09-20,South Patty
786,Cheryl Burgess,brandonmorgan@example.org,2026-03-01,Lucasside
787,Sarah Ashley,dominiquemartinez@example.org,2025-08-23,Lake Carla
788,Susan Hogan,smorales@example.org,2024-06-03,New Jessicaburgh
789,Robin Moore,ibell@example.net,2024-07-13,North Timothy
790,Joshua Lambert,adamshannon@example.org,2024-01-06,East Harryview
791,Rachel Turner,williamsdanielle@example.com,2024-12-28,West James
792,Kevin Brown,jonathan09@example.org,2023-07-10,Wrightville
793,Taylor Washington,owilliams@example.net,2024-07-09,West Rebeccaview
794,Brian Jackson,dustin63@example.org,2026-03-25,New Toddville
795,Melanie Nelson,kevin01@example.net,2025-04-09,Ochoatown
796,Timothy Wood,samuelwilliams@example.org,2023-07-17,Lisaborough
797,Jesus Payne,michelle75@example.org,2026-05-05,Riostown
798,Ellen Irwin,davisholly@example.net,2025-10-14,Brownmouth
799,Nicole Harrison,beltranmichael@example.net,2025-10-30,Sarahport
800,Kayla Wilkinson,ueaton@example.com,2026-03-31,Moralesfurt
801,Kristina Bowman,chelseamoore@example.net,2025-06-10,East Patrickshire
802,Thomas Mcdowell,fjimenez@example.net,2025-09-28,East Georgebury
803,George Grant,laurawyatt@example.com,2026-01-13,New Cheryl
804,Courtney Brown,elizabethparker@example.org,2025-01-29,Port Ryanville
805,Michael Dawson,belllaura@example.org,2023-07-03,Hollytown
806,Jacob Moore,dcox@example.net,2025-07-27,North Alvin
807,Nicole Mcbride,thompsonnicholas@example.org,2025-04-08,North Fred
808,Ronald Roberts,clementsjohn@example.net,2025-08-23,Lake Jonathanmouth
809,Mary White,stephaniealvarado@example.net,2024-12-10,West Charles
810,Tammy Robinson,tiffany79@example.com,2024-03-05,North Victorland
811,Terri Kelley,jamesharrison@example.org,2024-07-08,Gallegosport
812,Thomas Soto,campbelljohn@example.org,2024-07-13,Staceyburgh
813,Tracey Duncan,xcannon@example.net,2023-07-25,Lake Ashleytown
814,Mrs. Alicia Padilla MD,nicholasbond@example.com,2026-06-23,New Juliehaven
815,Zachary Perry,,2024-08-19,Justinborough
816,Eric Perkins,zwoodward@example.org,2025-11-11,New Jacobhaven
817,Roberto White,ppreston@example.com,2023-11-02,Lake Frank
818,Teresa Rogers,stevenslisa@example.com,2024-11-19,East Jonathan
819,Shelley Stone,kristin23@example.org,2024-04-20,West Natalie
820,Patricia Turner,fowlercassie@example.com,2026-05-28,Castilloport
821,Michelle Glover,nathanjohnson@example.com,2024-04-02,Port Ryanstad
822,Leslie Reid,tina62@example.com,2026-01-16,North Davidmouth
823,Rebecca Higgins,gregoryriley@example.org,2025-06-14,East Sharon
824,Eddie Villegas,anthony28@example.net,2025-11-11,Sparksmouth
825,Ashley Jackson,haneyjoel@example.net,2023-12-27,West Eriktown
826,Mariah Cole,basswilliam@example.net,2026-05-06,Lake Jeremyborough
827,Joseph Hampton,llee@example.org,2024-01-11,Brandonview
828,Lauren Torres,bryandunlap@example.net,2024-06-12,Paigechester
829,Carolyn Murphy,karen54@example.com,2026-01-28,South Lucas
830,Kristi Parker,valenciaheather@example.org,2025-07-02,Odomview
831,Robert Levy,blakewright@example.org,2023-12-17,Kentburgh
832,Jennifer Carr,cobbdonna@example.com,2026-02-17,Hobbsshire
833,Dawn Robinson,evanskyle@example.net,2025-12-22,Brianborough
834,Harold Park,sandra82@example.net,2023-08-10,Port James
835,Ian Yates,markhayes@example.org,2024-09-26,Vanessafurt
836,Mary Moore,gabriellewhite@example.org,2024-02-18,Michaelberg
837,Thomas Thompson,millerjoseph@example.net,2025-09-11,Westview
838,Joshua Tapia,benjaminbryant@example.com,2024-03-26,East Juliemouth
839,Richard Baker,michael81@example.org,2025-05-30,Vanceside
840,Jesse Nelson,carriejohnson@example.org,2026-02-05,Kylieville
841,Victoria Walsh,brewergeorge@example.net,2024-10-10,Johnton
842,Earl Ford,tiffany71@example.com,2024-02-14,Nelsontown
843,Tina Ramirez,zphillips@example.net,2023-07-30,Gregorystad
844,Ricardo Torres,timhanson@example.com,2024-12-24,Lake Jamesport
845,Dustin Williams,wilsonmargaret@example.com,2025-11-25,New Williamland
846,Mary Johnson,williamsdeborah@example.org,2023-09-03,Simsmouth
847,Anita Allen,,2024-01-09,Nicholasfort
848,Tammy Johnson,andersonsandra@example.com,2025-04-16,South Rebeccaland
849,Jessica Carroll,fordnathan@example.com,2024-06-18,East Ronnieborough
850,Phillip Wilson,diamond35@example.org,2024-03-29,Zimmermanstad
851,Leslie Reilly,markcosta@example.net,2026-05-29,Schwartzchester
852,Antonio Cohen,jessicamoss@example.org,2024-03-11,Port Tiffany
853,Kathy Chapman,brookerojas@example.com,2023-12-11,Barbarafurt
854,Amber Thompson,mendezchelsea@example.org,2025-07-04,Lake Lawrencemouth
855,John Thomas,alexandrahess@example.org,2025-07-18,West Joseph
856,Alyssa Wagner,ppittman@example.net,2026-04-30,Lake James
857,Judith Ryan,ywallace@example.com,2024-10-30,New Williamborough
858,Lynn Jordan,melissa60@example.org,2025-01-05,Heatherburgh
859,Michael Davis,jennifer80@example.org,2026-05-30,Stanleyville
860,Jennifer Collins,ashleyedwards@example.net,2024-06-28,Travistown
861,Thomas Nelson,brookecox@example.net,2023-10-02,Campbellbury
862,Amber Diaz,gomezcarolyn@example.net,2024-11-30,North Rebeccatown
863,Julie Newton,rossadam@example.net,2026-02-08,Fosterport
864,Angela Avila,hillemily@example.net,2026-06-18,Fryfort
865,Tyler Hoffman,,2024-09-11,North Reginaldland
866,Kristy Miller,yday@example.net,2023-09-05,New Alyssafurt
867,Megan Olson,flowerssharon@example.org,2025-12-01,East David
868,Kevin Freeman,hooversteven@example.org,2025-02-15,North Daltonberg
869,Kim Gibson,tanya24@example.net,2023-09-12,Hernandezstad
870,Andrew Austin,jeffrey98@example.org,2025-01-31,Lake Melissaton
871,Allison Moran,zperkins@example.net,2024-03-19,Myersburgh
872,Kelsey Krause,bli@example.com,2024-09-21,South Allison
873,Bruce Valentine,steven21@example.net,2025-03-06,Port Victoriaside
874,Christina Bullock,nmoss@example.net,2025-03-11,East Brian
875,David Smith DVM,,2026-05-02,Williamston
876,Michael Matthews,,2025-12-17,New Brooke
877,Rachel Wilson,timothy35@example.com,2025-11-27,Matthewsfort
878,Amy Richardson,sarahvaldez@example.com,2024-05-15,Lowerystad
879,Heather Malone,greg84@example.org,2025-04-23,Tracyfurt
880,Richard Allen,crodriguez@example.org,2025-10-28,Jasminetown
881,Charles Mitchell,michaelmiller@example.com,2024-06-04,Jesusborough
882,Timothy Chavez,bthompson@example.net,2026-01-01,New Jacquelineborough
883,Stephanie Jefferson,heatherwalker@example.org,2024-03-31,Brandtstad
884,Tiffany Snyder,bnolan@example.org,2024-09-11,Lake Andrew
885,Bailey Hahn,tracyhawkins@example.org,2023-10-18,Loritown
886,Jason Golden,shahjeffrey@example.org,2025-11-22,Baileyberg
887,Jason James,sschmidt@example.com,2023-12-10,Ryanfort
888,Kimberly Larsen,andrew07@example.com,2026-05-30,Johnsonview
889,Kimberly Campbell,kimberly94@example.org,2024-05-18,North Jason
890,Kayla Freeman,christopherhernandez@example.net,2025-02-13,New Christinaborough
891,Sandra Evans,dianereyes@example.net,2025-05-19,Port Deborahborough
892,Linda Nguyen,eric22@example.net,2026-03-11,Port Carlosview
893,Charles Lee,davidwilliams@example.org,2025-04-07,Richardsonport
894,Steven Lucas,bradleykarl@example.net,2023-12-04,Miguelchester
895,Ruben Warren,harrissean@example.net,2025-11-21,New Lisaside
896,Nancy Perez,kimberly53@example.org,2024-04-14,West John
897,David Wong,roberto72@example.com,2024-10-15,Reyesview
898,Brianna Nguyen,ghall@example.com,2023-07-08,Port Mary
899,Daniel Osborn,ntaylor@example.net,2024-02-28,West Nancy
900,Jillian Dixon MD,williamsphillip@example.com,2025-05-05,Port Ashley
901,Megan Lewis,kyle65@example.org,2025-04-12,Nguyenland
902,Jennifer Marquez,ryanjoshua@example.net,2023-08-27,East David
903,Tim Reyes,cmcfarland@example.org,2024-02-02,Trujilloborough
904,Mario Peterson,kaylasmith@example.net,2025-06-14,Claireburgh
905,Brittney Phillips,rhonda33@example.net,2025-05-23,West Cynthia
906,Mrs. Christina Wood,erin96@example.org,2024-06-10,Juanburgh
907,Danielle Charles,jonesjessica@example.com,2026-01-04,East Mark
908,Misty Knight,,2024-10-21,Amystad
909,Amy Moran,nicholas19@example.com,2023-08-19,Taylortown
910,Morgan Brown,garrisonrandy@example.org,2023-10-23,New Benjaminside
911,Teresa Weber,sheliagrant@example.org,2026-04-05,Robertside
912,Robert Roth,hweeks@example.org,2025-10-24,North Andrewborough
913,Sandra Ross,brandon93@example.com,2023-07-28,Toddchester
914,Diane Wright,benjamin04@example.net,2023-09-18,Williamsbury
915,Jose Hancock,laurawood@example.com,2025-05-15,West Michael
916,James Murray,scottjackson@example.com,2026-03-14,North Heidiside
917,Benjamin Mitchell,thomasjohn@example.org,2024-12-25,Sarahport
918,Christian Thompson,hlopez@example.com,2024-10-14,Briggsburgh
919,Olivia Martinez,qlove@example.net,2024-07-29,Williamborough
920,Sandra Schmidt,,2025-03-26,Lake Tyler
921,Laura Hernandez,erika31@example.net,2025-02-14,Jasonview
922,Carol Hughes DVM,cameron00@example.com,2023-12-01,Alisontown
923,Cindy Hernandez,meganpeterson@example.org,2026-01-02,Fordville
924,Dale Rowe,kenneth40@example.net,2025-07-22,West Joshua
925,Cody Rush,terrykathleen@example.org,2023-10-24,Sandersport
926,Brandon Rojas,fhamilton@example.org,2035-01-01,Huangmouth
927,Michael Miller,leonardteresa@example.com,2025-07-23,Andrewport
928,Rhonda Drake,ojohnson@example.net,2026-03-15,Reynoldsmouth
929,Deborah Patterson,tmann@example.net,2023-10-21,South Brittany
930,Calvin Douglas,amber87@example.com,2025-07-03,Colemanview
931,Michael Walker,jackiebaird@example.com,2023-10-26,Patrickville
932,Jasmine Anderson,stephenmacias@example.org,2023-12-15,Port Alexander
933,Michelle Ortiz MD,smithshannon@example.com,2026-05-26,Moyerborough
934,Lydia Farrell,zwong@example.org,2025-12-06,Mayberg
935,John Schneider,,2024-11-19,Lake Jamesland
936,Ronald Yoder,amanda63@example.org,2024-08-01,Amandaside
937,Emily Hall,manuelhenry@example.net,2026-05-05,South Thomasborough
938,Christina Young,,2023-07-11,West Michelleport
939,Joseph Scott,villanuevakelly@example.com,2024-02-06,North Kari
940,Tiffany Mathews,hillkatie@example.org,2024-10-16,Allenmouth
941,Logan Hanson,griffindana@example.org,2023-10-26,Leeburgh
942,Jason Lucero,mcdanieldiana@example.com,2025-10-19,Port Michael
943,Elizabeth Davies,richardscameron@example.net,2025-08-02,Millerfort
944,Tommy Dyer,chasenicole@example.com,2024-06-21,Melissaville
945,Paula Gonzalez,kennedytamara@example.com,2025-05-18,South Mary
946,Courtney Brown,kellymcgee@example.org,2024-02-13,Lake Tinafort
947,Kimberly Collins,moralessara@example.com,2024-07-29,Christopherport
948,Julie Howard,ashley02@example.com,2025-05-30,Port Victoriafurt
949,Beth Martin,jeffrey58@example.net,2025-12-06,Codyfort
950,Steven Osborne,peter14@example.org,2026-03-12,Baileystad
951,Jennifer Turner,blopez@example.net,2025-01-10,Clarkbury
952,Michelle Downs,vanessa25@example.com,2025-06-26,Port Karen
953,Bridget Edwards,yrivera@example.com,2023-11-03,Mariechester
954,Kristen Austin,mwheeler@example.com,2026-03-30,Kennethside
955,Jennifer Gonzalez,mchase@example.net,2025-09-04,Lake Elizabeth
956,David Wilson,willietanner@example.com,2026-02-17,Christopherfort
957,Nathan Lee,kimberlylopez@example.net,2024-09-30,Floresborough
958,David Jenkins,vandrade@example.net,2024-08-21,Lake Jessicaland
959,Pamela Mendoza,braychad@example.com,2024-06-27,Oliviaville
960,Dr. Kaitlin Terrell MD,cynthia02@example.org,2024-02-21,Martinezside
961,Kenneth Lara,myerstonya@example.com,2025-06-27,Lake Nicolemouth
962,Zachary Rivera,ebenton@example.com,2024-06-24,Wilsonshire
963,Douglas Miller,,2023-09-04,Port Mauricebury
964,Steven Parker,ryangay@example.org,2024-09-30,Nicholasshire
965,Sarah Brewer,iparker@example.org,2025-10-16,South George
966,Gloria Obrien,enewman@example.net,2024-10-02,New Ericaside
967,William Gonzalez,matthew01@example.com,2023-10-25,Lake Shanebury
968,Mary Jennings,wlee@example.org,2023-11-02,Johnmouth
969,John Davies,sara55@example.org,2025-10-22,Nicolechester
970,Eric Mckee,kylediaz@example.org,2024-04-09,New Charleschester
971,Keith Thornton,boonedavid@example.net,2025-08-07,Gutierrezland
972,Victoria Walters,joseschultz@example.net,2026-02-08,North Joseph
973,John Jones,victoria58@example.org,2026-06-17,Mcconnellland
974,Mr. Scott Norris,damon69@example.net,2026-02-01,Campbellbury
975,Michael Wu,william44@example.net,2026-01-18,Timothyport
976,Dawn Summers,steven43@example.org,2024-01-04,Claytonstad
977,Sandy Rosales,,2025-12-08,Danielhaven
978,Keith Callahan,arnolddeborah@example.net,2025-02-02,North Davidstad
979,Lauren Rangel,juan16@example.org,2024-03-09,East Jacobtown
980,Julie Torres,ganderson@example.org,2024-01-17,Schneiderstad
981,Sara Bell,woconnor@example.com,2025-05-23,Port Kimberly
982,Wayne Tate,hmiles@example.com,2023-11-29,Kurtshire
983,Roger Sanchez,yhunter@example.com,2024-07-31,East Mary
984,John Skinner,lesterregina@example.net,2025-06-13,Cruzfurt
985,Elizabeth Douglas,dgonzales@example.com,2023-12-27,South Dylanfurt
986,Virginia Wilson,danielle81@example.org,2025-07-12,Nelsonberg
987,Jacqueline Christian,alanmiller@example.org,2023-08-06,Blackwellside
988,Michelle Miller,,2025-05-11,Yoderland
989,Jillian Gibbs,everettmark@example.net,2024-01-07,North Brittany
990,Russell Martinez,sjones@example.com,2025-11-15,Greenview
991,Kathleen Lee,tayloramanda@example.org,2025-04-17,West Dawn
992,Misty Perez,ggarza@example.com,2024-08-10,South Markstad
993,Stephanie Conley,andrewrodriguez@example.net,2024-10-19,New David
994,Ashley Oneal,lauraaguilar@example.com,2026-03-17,Phillipsmouth
995,Christopher Snyder,jenniferbryan@example.com,2026-04-19,New Christopher
996,Dawn Bennett,jennifer66@example.net,2024-08-23,Lisaside
997,Veronica Rogers,xsimmons@example.net,2023-11-14,Lake Heathermouth
998,Mary Vazquez,virginiacooper@example.com,2025-05-13,Shannonview
999,David Juarez,anita11@example.net,2025-02-28,North Holly
1000,Briana Johnson,ismith@example.net,2024-03-03,New Anthonyland
1,Michael Andrade,ycantrell@example.org,2025-09-01,Stevenshire
2,Ann Myers,vazquezmelissa@example.net,2025-06-06,North Jenniferside
3,Jennifer Cruz,campbellanthony@example.com,2025-05-08,Zacharyside
4,Sandra Wilkerson,maloneeric@example.net,2024-09-17,Dillonville
5,Jesse Middleton,qcooper@example.net,2025-08-09,South Candace
6,Mallory Morrison,cranedanielle@example.net,2024-06-08,Gregorymouth
7,Raymond Freeman,bradleyhancock@example.org,2025-10-26,New Veronicastad
8,Linda Anderson,kelseywyatt@example.org,2025-08-03,Lake Jennifer
9,Candace Liu,brianharris@example.com,2024-08-18,Millsburgh
10,Deborah Hawkins,guzmanmike@example.net,2025-01-08,Lake Jeremiahstad
11,Michael Hill,chelsea36@example.net,2025-01-17,Parrishside
12,Robin Pierce,victoria26@example.com,2025-08-26,East Melissabury
13,Hector Hawkins,bwilliams@example.org,2026-02-02,Millstown
14,Pamela Torres MD,,2024-03-12,Port Josephfort
15,Amber Alvarado,zachary51@example.com,2024-08-25,South Kevinborough
16,Ryan Mccall,williamscorey@example.org,2023-09-24,Benjaminside
17,William Murphy,,2025-12-24,North David
18,Melissa Hart,gmiller@example.net,2025-08-28,Port Jessicaville
19,Leonard Harrell,antonioholmes@example.net,2026-04-20,Port Collin
20,Kenneth Lawrence,jenniferjones@example.net,2024-05-16,Hicksstad
